SALE TYPE,SOLD DATE,PROPERTY TYPE,ADDRESS,CITY,STATE OR PROVINCE,ZIP OR POSTAL CODE,PRICE,BEDS,BATHS,LOCATION,SQUARE FEET,LOT SIZE,YEAR BUILT,DAYS ON MARKET,$/SQUARE FEET,HOA/MONTH,STATUS,NEXT OPEN HOUSE START TIME,NEXT OPEN HOUSE END TIME,URL (SEE https://www.redfin.com/buy-a-home/comparative-market-analysis FOR INFO ON PRICING),SOURCE,MLS#,FAVORITE,INTERESTED,LATITUDE,LONGITUDE
MLS Listing,,Single Family Residential,101 Bud Ln,Levittown,NY,11756,699000,3,2.0,Levittown,,6000,1955,4,,,Active,January-14-2023 10:30 AM,January-14-2023 01:30 PM,https://www.redfin.com/NY/Levittown/101-Bud-Ln-11756/home/20361247,OneKey,3451110,N,Y,40.7402118,-73.5401358
PAST SALE,September-14-2017,Single Family Residential,7 Oaktree Ln,Levittown,NY,11756,539900,3,1.5,Levittown,1621,6000,1949,106,333,,Pending,,,https://www.redfin.com/NY/Levittown/7-Oaktree-Ln-11756/home/20372140,OneKey,3424132,N,Y,40.7288089,-73.5384116
MLS Listing,,Single Family Residential,63 Bucket Ln,Levittown,NY,11756,739999,5,3.0,Levittown,2398,6600,1948,1,309,,Active,,,https://www.redfin.com/NY/Levittown/63-Bucket-Ln-11756/home/20367792,OneKey,3437910,N,Y,40.7285626,-73.5177462
MLS Listing,,Single Family Residential,2 Ranch Ln,Levittown,NY,11756,599888,5,3.0,Levittown,,6000,1948,1,,,Active,January-14-2023 01:00 PM,January-14-2023 02:30 PM,https://www.redfin.com/NY/Levittown/2-Ranch-Ln-11756/home/20315470,OneKey,3451185,N,Y,40.7254013,-73.5086571
PAST SALE,January-25-2001,Single Family Residential,43 Silo Ln,Levittown,NY,11756,299999,3,1.0,Levittown,,6000,1948,1,,,Pending,,,https://www.redfin.com/NY/Levittown/43-Silo-Ln-11756/home/20315323,OneKey,3430399,N,Y,40.7062166,-73.5099687
MLS Listing,,Single Family Residential,18 Saucer Ln,Levittown,NY,11756,750000,3,3.0,Levittown,,7308,1948,2,,,Active,January-14-2023 12:00 PM,January-14-2023 02:00 PM,https://www.redfin.com/NY/Levittown/18-Saucer-Ln-11756/home/20315635,OneKey,3451499,N,Y,40.7197801,-73.4998898
PAST SALE,September-7-1995,Single Family Residential,41 Comet Ln,Levittown,NY,11756,375000,4,2.0,Levittown,,6200,1948,2,,,Pending,,,https://www.redfin.com/NY/Levittown/41-Comet-Ln-11756/home/20353350,OneKey,3398519,N,Y,40.7348315,-73.5035795
MLS Listing,,Single Family Residential,16 Red Maple Dr N,Wantagh,NY,11793,650000,3,2.0,Wantagh,1652,7104,1951,2,393,,Pre On-Market,January-21-2023 01:00 PM,January-21-2023 03:00 PM,https://www.redfin.com/NY/Wantagh/16-Red-Maple-Dr-N-11793/home/20305789,OneKey,3451428,N,Y,40.7098984,-73.5010047
PAST SALE,April-8-2022,Single Family Residential,98 Twig Ln,Levittown,NY,11756,1129100,5,4.5,Levittown,3200,6000,2023,5,353,,Pending,,,https://www.redfin.com/NY/Levittown/98-Twig-Ln-11756/home/20367602,OneKey,3438185,N,Y,40.7417858,-73.5383159
PAST SALE,March-28-2007,Single Family Residential,16 Branch Ln,Levittown,NY,11756,590000,4,2.0,Levittown,1600,6000,1948,5,369,,Pending,,,https://www.redfin.com/NY/Levittown/16-Branch-Ln-11756/home/20364209,OneKey,3447275,N,Y,40.7429538,-73.5420892
PAST SALE,,Single Family Residential,17 Hawk Ln,Levittown,NY,11756,364999,2,1.0,Levittown,750,6000,1950,6,487,,Pending,,,https://www.redfin.com/NY/Levittown/17-Hawk-Ln-11756/home/20314471,OneKey,3448645,N,Y,40.7238502,-73.5012691
MLS Listing,,Single Family Residential,41 Booth Ln,Levittown,NY,11756,464900,4,1.0,Levittown,1100,9875,1948,6,423,,Active,,,https://www.redfin.com/NY/Levittown/41-Booth-Ln-11756/home/20364217,OneKey,3450747,N,Y,40.7428691,-73.5375015
MLS Listing,,Single Family Residential,3847 Cordwood Ln,Seaford,NY,11783,629000,4,1.0,Seaford,,6600,1954,7,,,Active,January-15-2023 12:00 PM,January-15-2023 02:00 PM,https://www.redfin.com/NY/Seaford/3847-Cordwood-Ln-11783/home/20295329,OneKey,3450698,N,Y,40.7096594,-73.4897643
PAST SALE,March-11-1992,Condo/Co-op,267 N Newbridge Rd Unit 2B,Levittown,NY,11756,239000,1,1.0,Newbridge Gardens,825,158240,1965,7,290,425,Pending,,,https://www.redfin.com/NY/Levittown/267-N-Newbridge-Rd-11756/unit-2B/home/20372761,OneKey,3439635,N,Y,40.7315607,-73.5411824
MLS Listing,,Single Family Residential,21 Valley Rd,Levittown,NY,11756,999990,4,2.5,Levittown,,6000,2022,7,,,Active,,,https://www.redfin.com/NY/Levittown/21-Valley-Rd-11756/home/20372052,OneKey,3450546,N,Y,40.7272943,-73.5280543
MLS Listing,,Single Family Residential,47 Tanager Ln,Levittown,NY,11756,548000,5,2.0,Levittown,1900,7000,1951,7,288,,Active,,,https://www.redfin.com/NY/Levittown/47-Tanager-Ln-11756/home/20363696,OneKey,3449659,N,Y,40.7408385,-73.5241888
MLS Listing,,Single Family Residential,68 Crescent Ln,Levittown,NY,11756,519000,4,1.0,Levittown,1300,6000,1948,8,399,,Active,,,https://www.redfin.com/NY/Levittown/68-Crescent-Ln-11756/home/20316097,OneKey,3449816,N,Y,40.7083227,-73.5195524
PAST SALE,,Single Family Residential,1 Corncrib Ln,Levittown,NY,11756,699888,5,2.0,Levittown,3000,7600,1948,8,233,,Pending,,,https://www.redfin.com/NY/Levittown/1-Corncrib-Ln-11756/home/20370333,OneKey,3445915,N,Y,40.7321872,-73.5188046
PAST SALE,August-18-2022,Single Family Residential,49 Clay Ln,Levittown,NY,11756,599000,3,2.0,Levittown,,6200,1948,9,,,Pending,,,https://www.redfin.com/NY/Levittown/49-Clay-Ln-11756/home/20313319,OneKey,3440958,N,Y,40.7209709,-73.5056462
PAST SALE,March-5-2012,Single Family Residential,46 Schoolhouse Rd,Levittown,NY,11756,749999,6,3.0,Levittown,2356,7000,1947,9,318,,Pending,,,https://www.redfin.com/NY/Levittown/46-Schoolhouse-Rd-11756/home/20369571,OneKey,3433477,N,Y,40.7270308,-73.5309994
MLS Listing,,Single Family Residential,3139 Euston Ln,Levittown,NY,11756,489000,4,1.0,Levittown,,6000,1950,9,,,Active,,,https://www.redfin.com/NY/Levittown/3139-Euston-Ln-11756/home/20312395,OneKey,3450101,N,Y,40.7217781,-73.5198631
PAST SALE,April-7-1986,Single Family Residential,28 Anchor Ln,Levittown,NY,11756,609999,4,2.0,Levittown,1831,6000,1948,10,333,,Pending,,,https://www.redfin.com/NY/Levittown/28-Anchor-Ln-11756/home/20313326,OneKey,3436192,N,Y,40.7145564,-73.5093388
PAST SALE,,Single Family Residential,13 Rock Ln,Levittown,NY,11756,499000,4,2.0,Levittown,1500,7380,1948,11,333,,Pending,,,https://www.redfin.com/NY/Levittown/13-Rock-Ln-11756/home/20311914,OneKey,3439676,N,Y,40.7110859,-73.5182307
PAST SALE,October-29-2009,Single Family Residential,89 Shepherd Ln,Levittown,NY,11756,589000,4,1.0,Levittown,,6600,1950,11,,,Pending,,,https://www.redfin.com/NY/Levittown/89-Shepherd-Ln-11756/home/20355338,OneKey,3436245,N,Y,40.7280158,-73.5130938
MLS Listing,,Single Family Residential,88 Abbey Ln,Levittown,NY,11756,749000,5,2.0,Levittown,1665,7501,1948,12,450,,Active,January-14-2023 11:00 AM,January-14-2023 12:00 PM,https://www.redfin.com/NY/Levittown/88-Abbey-Ln-11756/home/20311483,OneKey,3449922,N,Y,40.7195087,-73.5148929
PAST SALE,,Single Family Residential,41 Gardenia Ln,Levittown,NY,11756,525000,3,2.0,Levittown,1050,6000,1948,12,500,,Pending,,,https://www.redfin.com/NY/Levittown/41-Gardenia-Ln-11756/home/20371019,OneKey,3441249,N,Y,40.7357453,-73.5186205
PAST SALE,,Single Family Residential,22 Hawk Ln,Levittown,NY,11756,519999,5,2.0,Levittown,,6000,1948,13,,,Pending,,,https://www.redfin.com/NY/Levittown/22-Hawk-Ln-11756/home/20313089,OneKey,3443537,N,Y,40.7234553,-73.5007642
PAST SALE,March-31-2003,Single Family Residential,72 Bud Ln,Levittown,NY,11756,799000,3,2.5,Levittown,2157,7625,1955,13,370,,Pending,,,https://www.redfin.com/NY/Levittown/72-Bud-Ln-11756/home/20361268,OneKey,3442414,N,Y,40.7394181,-73.5397796
PAST SALE,January-18-2022,Single Family Residential,124 Hamlet Rd,Levittown,NY,11756,948888,5,3.0,Levittown,2956,6600,2022,13,321,,Pending,,,https://www.redfin.com/NY/Levittown/124-Hamlet-Rd-11756/home/20355406,OneKey,3442503,N,Y,40.7265596,-73.5074835
MLS Listing,,Single Family Residential,3209 N Jerusalem Rd,Levittown,NY,11756,549999,3,1.0,Levittown,,6000,1948,14,,,Active,,,https://www.redfin.com/NY/Levittown/3209-N-Jerusalem-Rd-11756/home/20314203,OneKey,3449610,N,Y,40.7062282,-73.5169219
PAST SALE,,Single Family Residential,LOT 5 Heron Ln,Levittown,NY,11756,999999,5,3.0,Levittown,3100,46378,2022,15,323,,Pending,,,https://www.redfin.com/NY/Levittown/5-Heron-Ln-11756/home/180562268,OneKey,3416721,N,Y,40.7375437,-73.5286314
PAST SALE,August-31-2022,Single Family Residential,683 Brian Ln,Seaford,NY,11783,679999,4,2.0,Seaford,,7800,1953,15,,,Pending,,,https://www.redfin.com/NY/Seaford/683-Brian-Ln-11783/home/20297579,OneKey,3446041,N,Y,40.7076445,-73.4902246
PAST SALE,August-1-1974,Single Family Residential,20 Compass Ln,Levittown,NY,11756,524000,3,2.0,Levittown,1575,6000,1948,15,333,,Pending,,,https://www.redfin.com/NY/Levittown/20-Compass-Ln-11756/home/20353390,OneKey,3444145,N,Y,40.733642,-73.5097435
PAST SALE,,Single Family Residential,72 Barnyard Ln,Levittown,NY,11756,465000,3,1.0,Levittown,1050,6000,1950,16,443,,Pending,,,https://www.redfin.com/NY/Levittown/72-Barnyard-Ln-11756/home/19999241,OneKey,3443837,N,Y,40.720004,-73.531059
PAST SALE,March-1-1974,Single Family Residential,51 Robin Ln,Levittown,NY,11756,449951,4,2.0,Levittown,,6000,1948,16,,,Pending,,,https://www.redfin.com/NY/Levittown/51-Robin-Ln-11756/home/20315018,OneKey,3439843,N,Y,40.720977,-73.5107598
MLS Listing,,Condo/Co-op,307-02 Hicksville Rd #2,Bethpage,NY,11714,299000,1,1.0,Crescent Woods,,,1968,16,,1217,Active,,,https://www.redfin.com/NY/Bethpage/30702-Hicksville-Rd-11714/unit-2/home/183576718,OneKey,3449430,N,Y,40.7277764,-73.4901448
MLS Listing,,Condo/Co-op,257 Hicksville Rd Unit 2N,Bethpage,NY,11714,289999,1,1.0,Bethpage Commons,800,,1960,16,362,913,Active,,,https://www.redfin.com/NY/Bethpage/257-Hicksville-Rd-11714/unit-2N/home/21456158,OneKey,3449416,N,Y,40.731664,-73.4927125
MLS Listing,,Single Family Residential,1 Short Ln,Levittown,NY,11756,419000,4,2.0,Levittown,,8250,1949,17,,,Active,,,https://www.redfin.com/NY/Levittown/1-Short-Ln-11756/home/20313510,OneKey,3444477,N,Y,40.7198867,-73.5108891
PAST SALE,November-7-2022,Single Family Residential,33 Magpie Ln,Levittown,NY,11756,618999,4,2.0,Levittown,1865,,1950,18,332,,Pending,,,https://www.redfin.com/NY/Levittown/33-Magpie-Ln-11756/home/20365468,OneKey,H6210056,N,Y,40.7432779,-73.5254877
MLS Listing,,Single Family Residential,179 Springtime Ln N,Levittown,NY,11756,699900,4,2.0,Levittown,,6000,1951,19,,,Active,January-15-2023 12:00 PM,January-15-2023 02:00 PM,https://www.redfin.com/NY/Levittown/179-Springtime-Ln-N-11756/home/20315162,OneKey,3447690,N,Y,40.7116517,-73.5055179
PAST SALE,,Single Family Residential,89 Woodcock Ln,Levittown,NY,11756,599000,3,1.5,Levittown,,6000,1950,19,,,Pending,,,https://www.redfin.com/NY/Levittown/89-Woodcock-Ln-11756/home/20367425,OneKey,3444049,N,Y,40.7379006,-73.5264909
PAST SALE,October-27-2022,Single Family Residential,35 Buttercup Ln,Levittown,NY,11756,499000,3,1.0,Levittown,1087,6000,1949,19,459,,Pending,,,https://www.redfin.com/NY/Levittown/35-Buttercup-Ln-11756/home/20368978,OneKey,3445058,N,Y,40.7356296,-73.5314711
MLS Listing,,Single Family Residential,25 Green Ln,Levittown,NY,11756,619990,3,1.5,Levittown,1228,6000,1948,20,505,,Active,,,https://www.redfin.com/NY/Levittown/25-Green-Ln-11756/home/20311908,OneKey,3449164,N,Y,40.7158057,-73.512776
PAST SALE,August-18-1988,Single Family Residential,147 Sprucewood Dr,Levittown,NY,11756,539000,4,2.0,Levittown,,6600,1948,20,,,Pending,,,https://www.redfin.com/NY/Levittown/147-Sprucewood-Dr-11756/home/20307584,OneKey,3419223,N,Y,40.7078735,-73.511079
PAST SALE,April-4-1991,Single Family Residential,201 Center Ln,Levittown,NY,11756,515000,3,1.0,Levittown,1700,6000,1948,20,303,,Pending,,,https://www.redfin.com/NY/Levittown/201-Center-Ln-11756/home/20315910,OneKey,3442429,N,Y,40.7138686,-73.5240508
PAST SALE,,Single Family Residential,6 Cattle Ln,Levittown,NY,11756,599000,5,3.0,Levittown,2400,6600,1949,20,250,,Pending,,,https://www.redfin.com/NY/Levittown/6-Cattle-Ln-11756/home/20355391,OneKey,3436498,N,Y,40.7275004,-73.513846
PAST SALE,November-6-1992,Single Family Residential,61 Swing Ln,Levittown,NY,11756,599000,4,2.0,Levittown,1574,6000,1948,22,381,,Pending,,,https://www.redfin.com/NY/Levittown/61-Swing-Ln-11756/home/20309113,OneKey,3442844,N,Y,40.7110959,-73.5072074
PAST SALE,August-29-2022,Single Family Residential,184 Sprucewood Dr,Levittown,NY,11756,649000,5,2.0,Levittown,1798,8000,1948,23,361,,Pending,,,https://www.redfin.com/NY/Levittown/184-Sprucewood-Dr-11756/home/20312789,OneKey,3444296,N,Y,40.7072977,-73.5091863
PAST SALE,,Single Family Residential,57 Sycamore Ln,Levittown,NY,11756,500000,4,1.0,Levittown,1406,6420,1950,24,356,,Pending,,,https://www.redfin.com/NY/Levittown/57-Sycamore-Ln-11756/home/20371309,OneKey,3437918,N,Y,40.7306877,-73.5209884
PAST SALE,,Single Family Residential,19 Clay Ln,Levittown,NY,11756,499000,4,1.0,Levittown,,6000,1948,24,,,Pending,,,https://www.redfin.com/NY/Levittown/19-Clay-Ln-11756/home/20313930,OneKey,3439026,N,Y,40.7213945,-73.5077702
PAST SALE,,Single Family Residential,44 Shepherd Ln,Levittown,NY,11756,625000,4,1.0,Levittown,2143,9360,1951,24,292,,Pending,,,https://www.redfin.com/NY/Levittown/44-Shepherd-Ln-11756/home/20355930,OneKey,3430366,N,Y,40.7305469,-73.5132592
MLS Listing,,Single Family Residential,151 Ranch Ln,Levittown,NY,11756,392999,4,1.0,Levittown,1110,7500,1948,26,354,,Active,,,https://www.redfin.com/NY/Levittown/151-Ranch-Ln-11756/home/20314214,OneKey,3448515,N,Y,40.7173139,-73.5098421
PAST SALE,October-15-2009,Single Family Residential,11 Rosewood Ln,Wantagh,NY,11793,600000,4,2.0,Wantagh,,6000,1948,27,,,Pending,,,https://www.redfin.com/NY/Wantagh/11-Rosewood-Ln-11793/home/20305800,OneKey,3438533,N,Y,40.7090963,-73.4985551
MLS Listing,,Single Family Residential,476 Whittier Ave,Levittown,NY,11756,1149999,5,4.5,Levittown,3190,6000,2022,27,361,,Active,,,https://www.redfin.com/NY/Levittown/476-Whittier-Ave-11756/home/20309213,OneKey,3448366,N,Y,40.7134286,-73.4920656
MLS Listing,,Single Family Residential,64 Saddler Ln,Levittown,NY,11756,675000,4,2.0,Levittown,,6700,1948,28,,,Active,,,https://www.redfin.com/NY/Levittown/64-Saddler-Ln-11756/home/20367647,OneKey,3448141,N,Y,40.7411888,-73.5160434
PAST SALE,October-18-2018,Single Family Residential,500 N Newbridge Rd,Levittown,NY,11756,519000,4,2.0,Levittown,,8640,1948,29,,,Pending,,,https://www.redfin.com/NY/Levittown/500-N-Newbridge-Rd-11756/home/20363868,OneKey,3436928,N,Y,40.7373254,-73.5370735
MLS Listing,,Single Family Residential,,Levittown,NY,11756,599000,3,1.0,Levittown,957,6000,1948,29,626,,Active,,,https://www.redfin.com/NY/Levittown/Undisclosed-address-11756/home/20310074,OneKey,3447960,N,Y,40.7089676,-73.4972927
PAST SALE,November-5-1992,Single Family Residential,53 Elbow Ln,Levittown,NY,11756,468000,4,1.0,Levittown,1114,6000,1952,34,420,,Pending,,,https://www.redfin.com/NY/Levittown/53-Elbow-Ln-11756/home/20310343,OneKey,3389517,N,Y,40.7182041,-73.4955117
MLS Listing,,Single Family Residential,126 Cornflower Rd,Levittown,NY,11756,489888,3,1.0,Levittown,,7200,1948,34,,,Active,,,https://www.redfin.com/NY/Levittown/126-Cornflower-Rd-11756/home/20370996,OneKey,3447309,N,Y,40.7331602,-73.5165976
PAST SALE,September-13-2022,Single Family Residential,141 Orchid,Levittown,NY,11756,639900,4,2.0,Levittown,,6900,1952,36,,,Pending,,,https://www.redfin.com/NY/Levittown/141-Orchid-Rd-11756/home/20363526,OneKey,3444889,N,Y,40.7368448,-73.5274561
MLS Listing,,Single Family Residential,864 Whitebirch Ln,Wantagh,NY,11793,600000,4,1.0,Wantagh,,7360,1953,37,,,Active,,,https://www.redfin.com/NY/Wantagh/864-Whitebirch-Ln-11793/home/20306199,OneKey,3446813,N,Y,40.7035713,-73.5008563
PAST SALE,May-2-2022,Single Family Residential,149 Periwinkle Rd,Levittown,NY,11756,1125000,5,3.0,Levittown,2950,8100,2022,37,381,,Pending,,,https://www.redfin.com/NY/Levittown/149-Periwinkle-Rd-11756/home/20369926,OneKey,3439056,N,Y,40.7347168,-73.5223941
PAST SALE,,Single Family Residential,528 Parker Ave,Levittown,NY,11756,579999,4,2.0,Levittown,,6000,1953,39,,,Pending,,,https://www.redfin.com/NY/Levittown/528-Parker-Ave-11756/home/20307176,OneKey,3438036,N,Y,40.7121705,-73.4945598
PAST SALE,October-14-1987,Single Family Residential,8 Quiet Ln,Levittown,NY,11756,749999,4,2.0,Levittown,2117,6000,1948,40,354,,Pending,,,https://www.redfin.com/NY/Levittown/8-Quiet-Ln-11756/home/20368203,OneKey,3433381,N,Y,40.7387762,-73.5179792
PAST SALE,,Single Family Residential,77 Ramble Ln,Levittown,NY,11756,569000,3,2.0,Levittown,,6400,1948,41,,,Pending,,,https://www.redfin.com/NY/Levittown/77-Ramble-Ln-11756/home/20312444,OneKey,3436510,N,Y,40.7188291,-73.4976514
PAST SALE,January-22-2022,Single Family Residential,31 Collector Ln,Levittown,NY,11756,888000,4,2.5,Levittown,2400,6000,1950,41,370,,Pending,,,https://www.redfin.com/NY/Levittown/31-Collector-Ln-11756/home/20354863,OneKey,3443031,N,Y,40.7394712,-73.5024671
MLS Listing,,Single Family Residential,24 Carnation Rd,Levittown,NY,11756,629999,3,2.0,Levittown,1400,6750,1948,41,450,,Active,,,https://www.redfin.com/NY/Levittown/24-Carnation-Rd-11756/home/20371484,OneKey,3446064,N,Y,40.7339928,-73.5371508
PAST SALE,October-24-2007,Single Family Residential,24 Club Ln,Levittown,NY,11756,569000,4,1.0,Levittown,,6000,1948,43,,,Pending,,,https://www.redfin.com/NY/Levittown/24-Club-Ln-11756/home/20311940,OneKey,3418925,N,Y,40.7072226,-73.5166027
PAST SALE,August-23-2006,Single Family Residential,17 Eve Ln,Levittown,NY,11756,478000,4,1.0,Levittown,1098,8190,1952,45,435,,Pending,,,https://www.redfin.com/NY/Levittown/17-Eve-Ln-11756/home/20305989,OneKey,3440839,N,Y,40.7161729,-73.4976725
PAST SALE,,Single Family Residential,55 Crabtree Ln,Levittown,NY,11756,569999,4,2.0,Levittown,1500,6000,1948,46,380,,Pending,,,https://www.redfin.com/NY/Levittown/55-Crabtree-Ln-11756/home/20369029,OneKey,3436276,N,Y,40.7311872,-73.5367514
MLS Listing,,Single Family Residential,1 Midway Ln,Levittown,NY,11756,595000,4,3.0,Levittown,,7140,1949,47,,,Active,,,https://www.redfin.com/NY/Levittown/1-Midway-Ln-11756/home/20316809,OneKey,3445212,N,Y,40.7202659,-73.5338046
MLS Listing,,Single Family Residential,12 Quaker Ln,Levittown,NY,11756,475000,4,2.0,Levittown,,6000,1948,47,,,Active,,,https://www.redfin.com/NY/Levittown/12-Quaker-Ln-11756/home/20315739,OneKey,3445164,N,Y,40.7139067,-73.5209287
PAST SALE,November-1-1977,Single Family Residential,94 Gate Ln,Levittown,NY,11756,759000,3,2.5,Levittown,,6100,1955,48,,,Pending,,,https://www.redfin.com/NY/Levittown/94-Gate-Ln-11756/home/20358884,OneKey,3439720,N,Y,40.7400026,-73.5427334
MLS Listing,,Single Family Residential,66 Woodcock Ln,Levittown,NY,11756,749999,4,2.0,Levittown,1749,6000,1952,49,429,,Active,,,https://www.redfin.com/NY/Levittown/66-Woodcock-Ln-11756/home/20363745,OneKey,3443488,N,Y,40.737576,-73.5282384
MLS Listing,,Single Family Residential,6 Regal Lane Ln,Levittown,NY,11756,689000,4,3.0,Levittown,2114,8960,1948,49,326,,Active,,,https://www.redfin.com/NY/Levittown/6-Regal-Ln-11756/home/20309520,OneKey,3445086,N,Y,40.7093362,-73.4922957
PAST SALE,January-1-1977,Single Family Residential,38 Eden Ln,Levittown,NY,11756,469000,4,2.0,Levittown,1120,7500,1948,49,419,,Pending,,,https://www.redfin.com/NY/Levittown/38-Eden-Ln-11756/home/20309755,OneKey,3423295,N,Y,40.7155209,-73.4963459
PAST SALE,January-26-2016,Single Family Residential,7 Astronomy Ln,Levittown,NY,11756,595000,5,2.0,Levittown,1735,6000,1951,50,343,,Pending,,,https://www.redfin.com/NY/Levittown/7-Astronomy-Ln-11756/home/20351796,OneKey,3442124,N,Y,40.7349756,-73.5109419
MLS Listing,,Single Family Residential,3715 Sarah Dr,Wantagh,NY,11793,549000,4,2.0,Wantagh,1410,6000,1955,50,389,,Active,January-15-2023 11:00 AM,January-15-2023 12:30 PM,https://www.redfin.com/NY/Wantagh/3715-Sarah-Dr-11793/home/20300855,OneKey,3444883,N,Y,40.7013599,-73.4989233
MLS Listing,,Single Family Residential,248 Orchid Rd,Levittown,NY,11756,639000,4,1.0,Levittown,,6000,1948,51,,,Active,January-14-2023 11:30 AM,January-14-2023 12:30 PM,https://www.redfin.com/NY/Levittown/248-Orchid-Rd-11756/home/20368930,OneKey,3437866,N,Y,40.7362018,-73.519633
PAST SALE,October-1-1978,Single Family Residential,33 Ranch Ln,Levittown,NY,11756,485000,4,2.0,Levittown,1050,6000,1948,51,462,,Pending,,,https://www.redfin.com/NY/Levittown/33-Ranch-Ln-11756/home/20315467,OneKey,3431379,N,Y,40.7237863,-73.5084536
MLS Listing,,Single Family Residential,18 Swallow Ln,Levittown,NY,11756,589000,3,2.0,Levittown,,6500,1951,52,,,Active,,,https://www.redfin.com/NY/Levittown/18-Swallow-Ln-11756/home/20368404,OneKey,3443325,N,Y,40.7401514,-73.527134
PAST SALE,September-16-2003,Single Family Residential,2 Poet Ln,Hicksville,NY,11801,549000,5,2.0,Hicksville,,8900,1952,54,,,Pending,,,https://www.redfin.com/NY/Hicksville/2-Poet-Ln-11801/home/20352058,OneKey,3439723,N,Y,40.7434038,-73.5130061
MLS Listing,,Single Family Residential,83 Azalea Rd,Levittown,NY,11756,729000,5,2.0,Levittown,2200,6000,1949,54,331,,Active,January-15-2023 12:00 PM,January-15-2023 01:30 PM,https://www.redfin.com/NY/Levittown/83-Azalea-Rd-11756/home/20372004,OneKey,3444316,N,Y,40.7341306,-73.5291672
MLS Listing,,Single Family Residential,71 Wolcott Rd,Hempstead,NY,,1399999,4,3.5,Hempstead,3200,8541,1948,55,437,,Active,,,https://www.redfin.com/NY/Levittown/71-Wolcott-Rd-11756/home/20370212,SIBORMLS,1158817,N,Y,40.7277648,-73.5341745
MLS Listing,,Single Family Residential,73 Gate Ln,Levittown,NY,11756,748000,4,3.0,Levittown,,8280,1955,58,,,Active,,,https://www.redfin.com/NY/Levittown/73-Gate-Ln-11756/home/20364891,OneKey,3442304,N,Y,40.7391178,-73.5430094
MLS Listing,,Single Family Residential,159 Elm Dr,Levittown,NY,11756,678000,4,2.0,Levittown,,13469,1952,58,,,Active,,,https://www.redfin.com/NY/Levittown/159-Elm-Dr-E-11756/home/20307386,OneKey,3441348,N,Y,40.717699,-73.4933606
PAST SALE,March-5-2001,Single Family Residential,9 Sky Ln,Levittown,NY,11756,679000,4,2.0,Levittown,1600,6000,1948,58,424,,Pending,,,https://www.redfin.com/NY/Levittown/9-Sky-Ln-11756/home/20314233,OneKey,3437663,N,Y,40.7132349,-73.5041699
PAST SALE,September-22-2008,Single Family Residential,1 Harness Ln,Levittown,NY,11756,559999,4,2.0,Levittown,,6930,1948,59,,,Pending,,,https://www.redfin.com/NY/Levittown/1-Harness-Ln-11756/home/20312997,OneKey,3437109,N,Y,40.711758,-73.524649
PAST SALE,January-15-2008,Single Family Residential,27 Grange Ln,Levittown,NY,11756,595000,4,1.0,Levittown,,6000,1948,59,,,Pending,,,https://www.redfin.com/NY/Levittown/27-Grange-Ln-11756/home/20362252,OneKey,3431470,N,Y,40.7353736,-73.5392823
PAST SALE,July-1-1978,Single Family Residential,159 Red Maple Dr E,Levittown,NY,11756,625000,4,2.0,Levittown,,8400,1950,60,,,Pending,,,https://www.redfin.com/NY/Levittown/159-Red-Maple-Dr-E-11756/home/20310617,OneKey,3426681,N,Y,40.7103658,-73.4924798
MLS Listing,,Single Family Residential,848 Helene St,Wantagh,NY,11793,615000,3,2.0,Wantagh,1352,6000,1954,62,455,,Active,,,https://www.redfin.com/NY/Wantagh/848-Helene-St-11793/home/20306592,OneKey,3442809,N,Y,40.7032459,-73.498371
MLS Listing,,Single Family Residential,8 Albatross Rd,Levittown,NY,11756,549990,4,2.0,Levittown,,6000,1948,62,,,Active,,,https://www.redfin.com/NY/Levittown/8-Albatross-Rd-11756/home/20367097,OneKey,3442665,N,Y,40.7426109,-73.5347779
MLS Listing,,Single Family Residential,149 Cotton Ln,Levittown,NY,11756,489000,3,1.0,Levittown,1050,10500,1950,63,466,,Active,,,https://www.redfin.com/NY/Levittown/149-Cotton-Ln-11756/home/20315215,OneKey,3441740,N,Y,40.7180353,-73.50035
MLS Listing,,Single Family Residential,11 Clay Ln,Levittown,NY,11756,625000,4,2.0,Levittown,,10600,1948,63,,,Active,January-14-2023 11:00 AM,January-14-2023 01:00 PM,https://www.redfin.com/NY/Levittown/11-Clay-Ln-11756/home/20315410,OneKey,3442565,N,Y,40.7214356,-73.508039
PAST SALE,July-2-2019,Single Family Residential,142 Saddle Ln,Levittown,NY,11756,749999,5,2.0,Levittown,2122,6000,1948,63,353,,Pending,,,https://www.redfin.com/NY/Levittown/142-Saddle-Ln-11756/home/40046895,OneKey,3428423,N,Y,40.7118004,-73.5223021
MLS Listing,,Single Family Residential,20 Wantagh Ave,Levittown,NY,11756,539000,4,2.0,Levittown,,6000,1950,64,,,Active,,,https://www.redfin.com/NY/Levittown/20-Wantagh-Ave-11756/home/20313046,OneKey,3442325,N,Y,40.7243327,-73.4982938
PAST SALE,,Single Family Residential,350 Blacksmith Rd W,Levittown,NY,11756,579999,4,2.0,Levittown,,7920,1951,64,,,Pending,,,https://www.redfin.com/NY/Levittown/350-Blacksmith-Rd-W-11756/home/20365131,OneKey,3437011,N,Y,40.742102,-73.523162
MLS Listing,,Single Family Residential,41 Sky Ln,Levittown,NY,11756,499000,4,2.0,Levittown,,8000,1948,67,,,Active,,,https://www.redfin.com/NY/Levittown/41-Sky-Ln-11756/home/20314231,OneKey,3441806,N,Y,40.7114764,-73.5045381
PAST SALE,September-1-1976,Single Family Residential,25 Rolling Ln,Levittown,NY,11756,519000,3,1.0,Levittown,,6000,1950,68,,,Pending,,,https://www.redfin.com/NY/Levittown/25-Rolling-Ln-11756/home/20315182,OneKey,3432004,N,Y,40.7225531,-73.527272
PAST SALE,August-1-2000,Single Family Residential,830 Helene St,Wantagh,NY,11793,634900,5,2.0,Wantagh,1715,6000,1953,69,370,,Pending,,,https://www.redfin.com/NY/Wantagh/830-Helene-St-11793/home/20308740,OneKey,3439623,N,Y,40.7032354,-73.4977727
PAST SALE,January-31-2019,Single Family Residential,3903 Maywood Dr,Seaford,NY,11783,729000,4,2.0,Seaford,,10200,1953,69,,,Pending,,,https://www.redfin.com/NY/Seaford/3903-Maywood-Dr-11783/home/20294377,OneKey,3441240,N,Y,40.7178917,-73.4899308
PAST SALE,July-8-2022,Single Family Residential,77 Red Maple Dr N,Levittown,NY,11756,615000,4,1.5,Levittown,,6000,1951,70,,,Pending,,,https://www.redfin.com/NY/Levittown/77-Red-Maple-Dr-N-11756/home/20307191,OneKey,3433433,N,Y,40.7097402,-73.4966309
PAST SALE,,Single Family Residential,53 Old Farm Rd,Levittown,NY,11756,599000,5,2.0,Levittown,1890,8400,1947,70,317,,Pending,,,https://www.redfin.com/NY/Levittown/53-Old-Farm-Rd-11756/home/20370189,OneKey,3437752,N,Y,40.7330323,-73.5338686
MLS Listing,,Single Family Residential,184 Elm Dr,Levittown,NY,11756,550000,5,2.0,Levittown,2198,8125,1952,72,250,,Active,,,https://www.redfin.com/NY/Levittown/184-Elm-Dr-E-11756/home/20309816,OneKey,3438902,N,Y,40.7174338,-73.4952467
PAST SALE,April-23-2015,Single Family Residential,23 Sunrise Ln,Levittown,NY,11756,769000,5,2.0,Levittown,,6000,1948,73,,,Pending,,,https://www.redfin.com/NY/Levittown/23-Sunrise-Ln-11756/home/20315276,OneKey,3439653,N,Y,40.7166447,-73.5019847
PAST SALE,August-30-2022,Single Family Residential,84 Hilltop Rd,Levittown,NY,11756,999000,4,2.5,Levittown,,6000,1948,74,,,Pending,,,https://www.redfin.com/NY/Levittown/84-Hilltop-Rd-11756/home/20370487,OneKey,3384545,N,Y,40.730655,-73.5309994
PAST SALE,June-26-2017,Single Family Residential,43 Needle Ln,Levittown,NY,11756,649000,3,2.0,Levittown,,6000,1948,74,,,Pending,,,https://www.redfin.com/NY/Levittown/43-Needle-Ln-11756/home/20315040,OneKey,3425134,N,Y,40.7245214,-73.5053164
MLS Listing,,Single Family Residential,41 Pelican Rd,Levittown,NY,11756,599000,4,2.0,Levittown,1876,10626,1951,76,319,,Active,,,https://www.redfin.com/NY/Levittown/41-Pelican-Rd-11756/home/20362215,OneKey,3437153,N,Y,40.7386004,-73.5257534
MLS Listing,,Single Family Residential,31 Grey Ln,Levittown,NY,11756,638000,4,2.0,Levittown,1900,6100,1948,76,336,,Active,,,https://www.redfin.com/NY/Levittown/31-Grey-Ln-11756/home/20311813,OneKey,3439716,N,Y,40.7139284,-73.5063894
MLS Listing,,Single Family Residential,11 Star Ln,Levittown,NY,11756,1198888,5,4.5,Levittown,3850,6000,2022,83,311,,Active,,,https://www.redfin.com/NY/Levittown/11-Star-Ln-11756/home/20312839,OneKey,3438282,N,Y,40.7124699,-73.5061119
PAST SALE,February-28-2017,Single Family Residential,54 Woodpecker Ln,Levittown,NY,11756,639000,4,2.0,Levittown,1748,7200,1950,87,366,,Pending,,,https://www.redfin.com/NY/Levittown/54-Woodpecker-Ln-11756/home/20367526,OneKey,3429480,N,Y,40.7393511,-73.5256154
PAST SALE,March-9-2022,Single Family Residential,49 Sheep Ln,Levittown,NY,11756,1050000,5,3.5,Levittown,,6780,2022,90,,,Pending,,,https://www.redfin.com/NY/Levittown/49-Sheep-Ln-11756/home/20355833,OneKey,3413474,N,Y,40.7285957,-73.5092784
PAST SALE,February-16-2022,Single Family Residential,3683 Mallard Rd,Levittown,NY,11756,590000,4,2.0,Levittown,,6000,1949,92,,,Pending,,,https://www.redfin.com/NY/Levittown/3683-Mallard-Rd-11756/home/20349445,OneKey,3433614,N,Y,40.7321304,-73.4993478
MLS Listing,,Single Family Residential,352 Gardiners Ave,Levittown,NY,11756,540000,4,2.0,Levittown,,11552,1948,96,,,Active,January-14-2023 02:00 PM,January-14-2023 03:30 PM,https://www.redfin.com/NY/Levittown/352-Gardiners-Ave-11756/home/20315972,OneKey,3435748,N,Y,40.7163823,-73.5167764
PAST SALE,,Single Family Residential,,Wantagh,NY,11793,499777,3,2.0,Wantagh,,7040,1954,19,,,Pending,,,https://www.redfin.com/NY/Wantagh/Undisclosed-address-11793/home/20301594,OneKey,3439658,N,Y,40.7059224,-73.4987392
MLS Listing,,Single Family Residential,3680 Stokes Ave,Bethpage,NY,11714,795000,5,2.0,Bethpage,,6875,1953,96,,,Active,,,https://www.redfin.com/NY/Bethpage/3680-Stokes-Ave-11714/home/20355551,OneKey,3435652,N,Y,40.7333544,-73.4986011
MLS Listing,,Single Family Residential,28 Candle Ln,Levittown,NY,11756,579900,5,2.0,Levittown,1960,6000,1948,98,296,,Active,,,https://www.redfin.com/NY/Levittown/28-Candle-Ln-11756/home/20315750,OneKey,3435131,N,Y,40.7096315,-73.5220342
MLS Listing,,Single Family Residential,3591 Fiddler Ln,Bethpage,NY,11714,899000,3,2.0,Bethpage,,9792,1951,98,,,Active,,,https://www.redfin.com/NY/Bethpage/3591-Fiddler-Ln-11714/home/20354928,OneKey,3435116,N,Y,40.7411483,-73.5020077
PAST SALE,August-11-2022,Single Family Residential,89 Prentice Rd,Levittown,NY,11756,629000,5,2.0,Levittown,1590,5998,1949,100,396,,Pending,,,https://www.redfin.com/NY/Levittown/89-Prentice-Rd-11756/home/20354923,OneKey,H6208920,N,Y,40.7417049,-73.5056449
PAST SALE,September-29-2005,Single Family Residential,55 Club Ln,Levittown,NY,11756,513999,3,2.0,Levittown,,7100,1948,100,,,Pending,,,https://www.redfin.com/NY/Levittown/55-Club-Ln-11756/home/20315758,OneKey,3426155,N,Y,40.7070176,-73.5143982
PAST SALE,February-18-2011,Single Family Residential,18 Pintail Ln,Levittown,NY,11756,624888,5,2.0,Levittown,,7150,1950,101,,,Pending,,,https://www.redfin.com/NY/Levittown/18-Pintail-Ln-11756/home/20368756,OneKey,3410860,N,Y,40.7375835,-73.5333002
PAST SALE,December-26-1995,Single Family Residential,24 Scholar Ln,Levittown,NY,11756,538888,4,2.0,Levittown,,6000,1950,104,,,Pending,,,https://www.redfin.com/NY/Levittown/24-Scholar-Ln-11756/home/19999229,OneKey,3421488,N,Y,40.7415426,-73.5113017
PAST SALE,June-1-1977,Single Family Residential,3520 Courtney Ln,Bethpage,NY,11714,525000,4,2.0,Bethpage,1362,8000,1959,104,385,,Pending,,,https://www.redfin.com/NY/Bethpage/3520-Courtney-Ln-11714/home/20353001,OneKey,3411077,N,Y,40.742993,-73.5036176
MLS Listing,,Single Family Residential,251 Blacksmith Rd,Levittown,NY,11756,635000,4,2.0,Levittown,1547,6000,1951,104,410,,Active,,,https://www.redfin.com/NY/Levittown/251-Blacksmith-Rd-11756/home/20362676,OneKey,3429021,N,Y,40.7373932,-73.5219332
MLS Listing,,Condo/Co-op,713 Wantagh Ave #713,Wantagh,NY,11793,374990,1,1.0,Wantagh Oaks,,43866,1984,104,,250,Active,,,https://www.redfin.com/NY/Wantagh/713-Wantagh-Ave-11793/unit-713/home/182020173,OneKey,3433643,N,Y,40.706443,-73.5022259
MLS Listing,,Single Family Residential,341 Ferris Rd,Seaford,NY,11783,699000,4,3.0,Seaford,,6816,1953,106,,,Active,,,https://www.redfin.com/NY/Seaford/341-Ferris-Rd-11783/home/20293343,OneKey,3433181,N,Y,40.7168498,-73.4896263
MLS Listing,,Single Family Residential,95 Saddle Ln,Levittown,NY,11756,509000,4,1.0,Levittown,1050,5998,1948,110,485,,Active,,,https://www.redfin.com/NY/Levittown/95-Saddle-Ln-11756/home/20316782,OneKey,H6210274,N,Y,40.714312,-73.522072
MLS Listing,,Single Family Residential,63 Stevedore Ln,Levittown,NY,11756,779888,5,2.0,Levittown,,8645,1950,111,,,Active,,,https://www.redfin.com/NY/Levittown/63-Stevedore-Ln-11756/home/20354673,OneKey,3431398,N,Y,40.7372608,-73.507353
MLS Listing,,Single Family Residential,235 Orchid Rd,Levittown,NY,11756,534000,5,2.0,Levittown,,6900,1948,111,,,Active,,,https://www.redfin.com/NY/Levittown/235-Orchid-Rd-11756/home/20363989,OneKey,3432259,N,Y,40.7366449,-73.5205533
MLS Listing,,Single Family Residential,47 Sandpiper Ln,Levittown,NY,11756,799999,4,2.0,Levittown,,8892,1950,115,,,Active,,,https://www.redfin.com/NY/Levittown/47-Sandpiper-Ln-11756/home/20363548,OneKey,3429868,N,Y,40.741922,-73.5286986
PAST SALE,June-14-2018,Single Family Residential,3730 Stokes Ave,Bethpage,NY,11714,719990,5,2.0,Bethpage,,7257,1962,118,,,Pending,,,https://www.redfin.com/NY/Bethpage/3730-Stokes-Ave-11714/home/20351687,OneKey,3423340,N,Y,40.7331452,-73.4968062
MLS Listing,,Single Family Residential,32 Jupiter Ln,Levittown,NY,11756,599000,4,2.0,Levittown,,6000,1951,118,,,Active,,,https://www.redfin.com/NY/Levittown/32-Jupiter-Ln-11756/home/20355580,OneKey,3417028,N,Y,40.7334004,-73.5015466
MLS Listing,,Condo/Co-op,323 Hicksville Rd #2,Bethpage,NY,11714,249000,1,1.0,Crescent Woods,1125,,1968,118,221,1240,Active,,,https://www.redfin.com/NY/Bethpage/323-Hicksville-Rd-11714/unit-2/home/102517046,OneKey,3418583,N,Y,40.7330573,-73.4938825
MLS Listing,,Single Family Residential,15 Greenvale Ln,Levittown,NY,11756,639900,5,2.0,Levittown,,10020,1951,119,,,Active,,,https://www.redfin.com/NY/Levittown/15-Greenvale-Ln-11756/home/20363239,OneKey,3430317,N,Y,40.7367894,-73.5404815
MLS Listing,,Single Family Residential,16 Swan Ln,Levittown,NY,11756,560000,3,1.0,Levittown,,6000,1948,120,,,Active,,,https://www.redfin.com/NY/Levittown/16-Swan-Ln-11756/home/20315880,OneKey,3429893,N,Y,40.7125562,-73.5138417
PAST SALE,July-21-2022,Single Family Residential,58 Squirrel Ln,Levittown,NY,11756,630000,5,2.0,Levittown,,6500,1948,124,,,Pending,,,https://www.redfin.com/NY/Levittown/58-Squirrel-Ln-11756/home/20367134,OneKey,3424298,N,Y,40.7266756,-73.5183346
MLS Listing,,Condo/Co-op,703 Wantagh Ave #703,Wantagh,NY,11793,379990,1,1.0,Wantagh Oaks,900,43866,1984,127,422,250,Active,,,https://www.redfin.com/NY/Wantagh/703-Wantagh-Ave-11793/unit-703/home/181472891,OneKey,3428085,N,Y,40.705357,-73.5032736
PAST SALE,August-12-1998,Single Family Residential,45 Farm Ln,Levittown,NY,11756,649000,5,2.0,Levittown,2193,6000,1948,131,296,,Pending,,,https://www.redfin.com/NY/Levittown/45-Farm-Ln-11756/home/20314508,OneKey,3427571,N,Y,40.721262,-73.5237266
PAST SALE,March-29-2010,Single Family Residential,111 Sprucewood Dr,Levittown,NY,11756,649000,6,2.0,Levittown,2360,6000,1948,135,275,,Pending,,,https://www.redfin.com/NY/Levittown/111-Sprucewood-Dr-11756/home/20307197,OneKey,3409164,N,Y,40.7089272,-73.510114
MLS Listing,,Single Family Residential,18 Rosewood Ln,Wantagh,NY,11793,499000,3,2.0,Wantagh,1656,5998,1948,162,301,,Active,January-14-2023 12:00 PM,January-14-2023 02:00 PM,https://www.redfin.com/NY/Wantagh/18-Rosewood-Ln-11793/home/20309962,BNYMLS,465704,N,Y,40.708832,-73.4991431
MLS Listing,,Single Family Residential,99 Saddle Ln,Levittown,NY,11756,729000,5,2.0,Levittown,2600,6000,1948,170,280,,Active,,,https://www.redfin.com/NY/Levittown/99-Saddle-Ln-11756/home/20312041,OneKey,3418548,N,Y,40.7139858,-73.5222165
PAST SALE,,Single Family Residential,5 Chapel Ln,Levittown,NY,11756,479000,4,1.0,Levittown,,8670,1948,179,,,Pending,,,https://www.redfin.com/NY/Levittown/5-Chapel-Ln-11756/home/20311466,OneKey,3407960,N,Y,40.7147625,-73.5211976
MLS Listing,,Single Family Residential,2 Horn Ln,Hicksville,NY,11801,675000,4,2.0,Hicksville,,7920,1948,183,,,Active,,,https://www.redfin.com/NY/Hicksville/2-Horn-Ln-11801/home/20363673,OneKey,3415242,N,Y,40.7435091,-73.5229463
PAST SALE,November-29-2016,Condo/Co-op,273 N Newbridge Rd Unit 2A,Levittown,NY,11756,429000,2,2.0,Newbridge Garden Condo,,158240,1968,185,,503,Pending,,,https://www.redfin.com/NY/Levittown/273-N-Newbridge-Rd-11756/unit-2A/home/20372741,OneKey,3402943,N,Y,40.7307559,-73.5408709
PAST SALE,March-22-2006,Single Family Residential,125 Sunrise Ln,Levittown,NY,11756,825000,6,2.5,Levittown,,7070,2020,189,,,Pending,,,https://www.redfin.com/NY/Levittown/125-Sunrise-Ln-11756/home/20316391,OneKey,3405564,N,Y,40.7160104,-73.5078517
PAST SALE,June-29-2004,Single Family Residential,14 Lily Ln,Levittown,NY,11756,399000,2,1.0,Levittown,,6000,1948,196,,,Pending,,,https://www.redfin.com/NY/Levittown/14-Lily-Ln-11756/home/20371323,OneKey,3081028,N,Y,40.7349322,-73.5174695
MLS Listing,,Single Family Residential,33 Potter Ln,Levittown,NY,11756,575000,4,2.0,Levitt,,7700,1951,210,,,Active,,,https://www.redfin.com/NY/Levittown/33-Potter-Ln-11756/home/20363502,OneKey,3407004,N,Y,40.7416004,-73.5207013
MLS Listing,,Multi-Family (2-4 Unit),760 Gardiners Ave,Levittown,NY,11756,770000,4,3.0,Levittown,2200,4620,1897,215,350,,Active,,,https://www.redfin.com/NY/Levittown/760-Gardiners-Ave-11756/home/20312220,OneKey,3407219,N,Y,40.7055075,-73.5132479
PAST SALE,,Single Family Residential,22 Family Ln,Levittown,NY,11756,400000,3,1.0,Levittown,,6000,1948,32,,,Pending,,,https://www.redfin.com/NY/Levittown/22-Family-Ln-11756/home/20365133,OneKey,3378702,N,Y,40.740997,-73.5229003
MLS Listing,,Single Family Residential,22 Tarry Ln,Levittown,NY,11756,599000,5,2.0,Levittown,,6000,1948,265,,,Active,,,https://www.redfin.com/NY/Levittown/22-Tarry-Ln-11756/home/20315352,OneKey,3392664,N,Y,40.7228581,-73.5105195
MLS Listing,,Single Family Residential,32 Cliff Ln,Levittown,NY,11756,659000,5,2.0,Levittown,,6000,1948,267,,,Active,,,https://www.redfin.com/NY/Levittown/32-Cliff-Ln-11756/home/20312603,OneKey,3392603,N,Y,40.7138365,-73.5270433
PAST SALE,,Single Family Residential,Lot #1 Heron Ct,Levittown,NY,11756,998888,5,3.0,Heron Estates,3100,6200,2021,412,322,,Pending,,,https://www.redfin.com/NY/Levittown/Lot-1-Heron-Ln-11756/home/173331894,OneKey,3257336,N,Y,40.737076,-73.529025
PAST SALE,,Single Family Residential,Lot #2 Heron Ct,Levittown,NY,11756,998888,5,3.0,Heron Estates,3100,6200,2021,425,322,,Pending,,,https://www.redfin.com/NY/Levittown/Lot-2-Heron-Ln-11756/home/173332052,OneKey,3257353,N,Y,40.737076,-73.529025
PAST SALE,,Single Family Residential,Lot #6 Heron Ct,Levittown,NY,11756,948888,5,3.0,Heron Estates,3100,6200,2021,316,306,,Pending,,,https://www.redfin.com/NY/Levittown/Lot-6-Heron-Ln-11756/home/173332433,OneKey,3257396,N,Y,40.737076,-73.529025
PAST SALE,,Single Family Residential,Lot #4 Heron Ct,Levittown,NY,11756,948888,5,3.0,Heron Estates,3100,6200,2021,412,306,,Pending,,,https://www.redfin.com/NY/Levittown/Lot-4-Heron-Ln-11756/home/173332230,OneKey,3257370,N,Y,40.737076,-73.529025
PAST SALE,,Single Family Residential,Lot #8 Heron Ct,Levittown,NY,11756,898888,5,3.0,Heron Estates,3100,6200,2021,412,290,,Pending,,,https://www.redfin.com/NY/Levittown/Lot-8-Heron-Ln-11756/home/173332819,OneKey,3257433,N,Y,40.737076,-73.529025
PAST SALE,,Single Family Residential,Lot #9 Heron Ct,Levittown,NY,11756,898888,5,3.0,Heron Estates,3100,6200,2021,412,290,,Pending,,,https://www.redfin.com/NY/Levittown/Lot-9-Heron-Ln-11756/home/178943753,OneKey,3257442,N,Y,40.737076,-73.529025
For-Sale-by-Owner Listing,,Single Family Residential,41 Morning Glory Rd,Levittown,NY,11756,469000,3,1.0,Levittown,1050,,1948,36,447,,Active,,,https://www.redfin.com/NY/Levittown/41-Morning-Glory-Rd-11756/home/20368545,FSBO.com,533677,N,Y,40.7361509,-73.5274561
For-Sale-by-Owner Listing,,Single Family Residential,24 Pelican Rd,Levittown,NY,11756,1130000,4,3.0,Levittown,2600,,2022,69,435,,Active,,,https://www.redfin.com/NY/Levittown/24-Pelican-Rd-11756/home/20367426,FSBO.com,533447,N,Y,40.7382038,-73.5269959
