Sold Out,Win
Sell-out,W
Sell-out,W
Sell-out,W
Sell-out,L
Sell-out,L
Sell-out,L
Sell-out,L
Sell-out,L
Sell-out,L
Sell-out,L
Sell-out,L
Sell-out,L
Sell-out,L
Sell-out,L
Sell-out,L
Sell-out,L
Sell-out,L
Sell-out,L
Not Sell-out,W
Not Sell-out,W
Not Sell-out,W
Not Sell-out,W
Not Sell-out,W
Not Sell-out,W
Not Sell-out,W
Not Sell-out,W
Not Sell-out,W
Not Sell-out,W
Not Sell-out,W
Not Sell-out,W
Not Sell-out,L
Not Sell-out,L
Not Sell-out,L
Not Sell-out,L
Not Sell-out,L
Not Sell-out,L
Not Sell-out,L
Not Sell-out,L
Not Sell-out,L
Not Sell-out,L
Not Sell-out,L
